,CreditScore,Age,Tenure,Balance,NumOfProducts,HasCrCard,IsActiveMember,EstimatedSalary,Exited
CreditScore,1.0,-0.004,0.001,0.006,0.012,-0.005,0.026,-0.001,-0.027
Age,-0.004,1.0,-0.01,0.028,-0.031,-0.012,0.085,-0.007,0.285
Tenure,0.001,-0.01,1.0,-0.012,0.013,0.023,-0.028,0.008,-0.014
Balance,0.006,0.028,-0.012,1.0,-0.304,-0.015,-0.01,0.013,0.119
NumOfProducts,0.012,-0.031,0.013,-0.304,1.0,0.003,0.01,0.014,-0.048
HasCrCard,-0.005,-0.012,0.023,-0.015,0.003,1.0,-0.012,-0.01,-0.007
IsActiveMember,0.026,0.085,-0.028,-0.01,0.01,-0.012,1.0,-0.011,-0.156
EstimatedSalary,-0.001,-0.007,0.008,0.013,0.014,-0.01,-0.011,1.0,0.012
Exited,-0.027,0.285,-0.014,0.119,-0.048,-0.007,-0.156,0.012,1.0
